CREATE DATABASE CongTy
GO

USE CongTy
GO
-- Tạo bảng
CREATE TABLE PhongBan
(
	MaPB VARCHAR(7) PRIMARY KEY,
	TenPB NVARCHAR(50)
)
GO
INSERT PhongBan VALUES (101,'Phong1')
INSERT PhongBan VALUES (102,'Phong2')
INSERT PhongBan VALUES (103,'Phong3')
INSERT PhongBan VALUES (104,'Phong4')
INSERT PhongBan VALUES (105,'Phong5')
GO

CREATE TABLE NhanVien
(
	MaNV VARCHAR(7) PRIMARY KEY,
	TenNV NVARCHAR(50),
	NgaySinh DATETIME,
	SoCMND CHAR (9),
	GioiTinh CHAR(1),
	DiaChi NVARCHAR(100),
	NgayVaoLam DATETIME,
	MaPB VARCHAR(7) FOREIGN KEY REFERENCES PhongBan(MaPB)
)
GO
INSERT NhanVien VALUES (1,'Luong','19980315',05678901,'M','Thanh Xuan','20220807',101)
INSERT NhanVien VALUES (2,'Tuan','19971107',05678901,'M','Doi Can','20220807',102)
INSERT NhanVien VALUES (3,'Nhi','19990122',05678901,'F','Nga Tu So','20220807',104)
INSERT NhanVien VALUES (4,'Thai','19980918',05678901,'M','Dai Tu','20220807',103)
INSERT NhanVien VALUES (5,'Ngoc','19970627',05678901,'F','Kim Nguu','20220807',105)
GO

CREATE TABLE LuongDA
(
	MaDA VARCHAR(8) NOT NULL,
	MaNV VARCHAR(7) NOT NULL,
	NgayNhan DATETIME,
	SoTien MONEY,
	PRIMARY KEY(MaDA,MaNV),
	FOREIGN KEY (MaNV) REFERENCES NhanVien(MaNV)
)
GO
INSERT LuongDA VALUES ('XDX01',1,'20231007',2300000)
INSERT LuongDA VALUES ('XDX02',2,'20231007',2000000)
INSERT LuongDA VALUES ('XDX03',3,'20231007',3000000)
INSERT LuongDA VALUES ('DXD01',4,'20231007',5000000)
INSERT LuongDA VALUES ('DXD02',5,'20231007',4200000)
GO

--2
SELECT * FROM PhongBan
SELECT * FROM NhanVien
SELECT * FROM LuongDA
GO
--3
SELECT * FROM NhanVien WHERE GioiTinh LIKE 'F'
GO
--4
SELECT MaDA
FROM LuongDA;
--5
SELECT MaNV, SoTien FROM LuongDA
a